{"cameraMode":{"drawMode":0,"name":"Shaded","section":"Shading Mode"},"sceneLighting":false,"audioPlay":false,"sceneViewState":{"m_AlwaysRefresh":false,"showFog":true,"showSkybox":false,"showFlares":true,"showImageEffects":true,"showParticleSystems":true,"showVisualEffectGraphs":true,"m_FxEnabled":true},"in2DMode":false,"pivot":{"x":2.831449508666992,"y":3.6636507511138918,"z":-0.11963603645563126},"rotation":{"x":0.0012181635247543455,"y":0.9983183145523071,"z":-0.05335885286331177,"w":0.022761760279536248},"size":8.951525688171387,"orthographic":false}