{"cameraMode":{"drawMode":0,"name":"Shaded","section":"Shading Mode"},"sceneLighting":false,"audioPlay":false,"sceneViewState":{"m_AlwaysRefresh":false,"showFog":true,"showSkybox":false,"showFlares":true,"showImageEffects":true,"showParticleSystems":true,"showVisualEffectGraphs":true,"m_FxEnabled":true},"in2DMode":false,"pivot":{"x":14.699973106384278,"y":-1.4882876873016358,"z":1.2674814462661744},"rotation":{"x":-0.11630011349916458,"y":0.8290936350822449,"z":-0.18765373528003694,"w":-0.5136964321136475},"size":1.2295691967010499,"orthographic":false}