{"cameraMode":{"drawMode":0,"name":"Shaded","section":"Shading Mode"},"sceneLighting":false,"audioPlay":false,"sceneViewState":{"m_AlwaysRefresh":false,"showFog":true,"showSkybox":false,"showFlares":true,"showImageEffects":true,"showParticleSystems":true,"showVisualEffectGraphs":true,"m_FxEnabled":true},"in2DMode":false,"pivot":{"x":-33.691307067871097,"y":-3.6343111991882326,"z":-7.8746185302734379},"rotation":{"x":0.04175291210412979,"y":-0.7897955775260925,"z":0.05410640686750412,"w":0.6095463633537293},"size":18.275789260864259,"orthographic":false}